suggestedSlug,displayName,roles,affectedBooks,currentStatus,missingFields,nextAction,reviewedByOwner,deathYear,canadaLifePlus70Safe,reviewDate,sourceNotes,notes
h-c-andersen,H. C. Andersen,author,the-bell (author); the-elderbush (author); the-emperor-s-new-clothes (author); the-fir-tree (author); the-leap-frog (author); the-old-house (author); the-real-princess (author); the-shoes-of-fortune (author); the-snow-queen (author); the-swineherd (author),needs owner review,deathYear; canadaLifePlus70Safe; reviewedByOwner,Fill verified deathYear/sourceNotes and set reviewedByOwner true.,false,,,,,
e-nesbit,E. Nesbit,author,new-treasure-seekers (author); the-book-of-dragons (author); the-railway-children (author),needs owner review,deathYear; canadaLifePlus70Safe; reviewedByOwner,Fill verified deathYear/sourceNotes and set reviewedByOwner true.,false,,,,,
l-frank-baum,L. Frank Baum,author,rinkitink-in-oz (author); the-emerald-city-of-oz (author); the-wonderful-wizard-of-oz (author),needs owner review,deathYear; canadaLifePlus70Safe; reviewedByOwner,Fill verified deathYear/sourceNotes and set reviewedByOwner true.,false,,,,,
l-m-montgomery,L. M. Montgomery,author,anne-of-green-gables (author); anne-of-green-gables-gutenberg-45 (author); rainbow-valley (author),needs owner review,deathYear; canadaLifePlus70Safe; reviewedByOwner,Fill verified deathYear/sourceNotes and set reviewedByOwner true.,false,,,,,
lewis-carroll,Lewis Carroll,author,alices-adventures-in-wonderland (author); jabberwocky (author); through-the-looking-glass (author),needs owner review,deathYear; canadaLifePlus70Safe; reviewedByOwner,Fill verified deathYear/sourceNotes and set reviewedByOwner true.,false,,,,,
robert-louis-stevenson,Robert Louis Stevenson,author,a-childs-garden-of-verses (author); dr-jekyll-and-mr-hyde (author); treasure-island (author),needs owner review,deathYear; canadaLifePlus70Safe; reviewedByOwner,Fill verified deathYear/sourceNotes and set reviewedByOwner true.,false,,,,,
active-6th-century-b-c-sunzi,active 6th century B.C. Sunzi,author,sun-tzu-on-the-art-of-war (author); the-art-of-war (author),needs owner review,deathYear; canadaLifePlus70Safe; reviewedByOwner,Fill verified deathYear/sourceNotes and set reviewedByOwner true.,false,,,,,
alexandre-dumas-auguste-maquet,Alexandre Dumas Auguste Maquet,author,the-count-of-monte-cristo (author); the-three-musketeers (author),needs owner review,deathYear; canadaLifePlus70Safe; reviewedByOwner,Fill verified deathYear/sourceNotes and set reviewedByOwner true.,false,,,,,
constance-garnett,Constance Garnett,translator,anna-karenina (translator); crime-and-punishment (translator),needs owner review,deathYear; canadaLifePlus70Safe; reviewedByOwner,Fill verified deathYear/sourceNotes and set reviewedByOwner true.,false,,,,,
edgar-rice-burroughs,Edgar Rice Burroughs,author,a-princess-of-mars (author); tarzan-of-the-apes (author),needs owner review,deathYear; canadaLifePlus70Safe; reviewedByOwner,Fill verified deathYear/sourceNotes and set reviewedByOwner true.,false,,,,,
frances-hodgson-burnett,Frances Hodgson Burnett,author,the-secret-garden (author); the-secret-garden-gutenberg-113 (author),needs owner review,deathYear; canadaLifePlus70Safe; reviewedByOwner,Fill verified deathYear/sourceNotes and set reviewedByOwner true.,false,,,,,
jack-london,Jack London,author,the-call-of-the-wild (author); the-sea-wolf (author),needs owner review,deathYear; canadaLifePlus70Safe; reviewedByOwner,Fill verified deathYear/sourceNotes and set reviewedByOwner true.,false,,,,,
jane-austen,Jane Austen,author,pride-and-prejudice (author); sense-and-sensibility (author),needs owner review,deathYear; canadaLifePlus70Safe; reviewedByOwner,Fill verified deathYear/sourceNotes and set reviewedByOwner true.,false,,,,,
lionel-giles,Lionel Giles,translator,sun-tzu-on-the-art-of-war (translator); the-art-of-war (translator),needs owner review,deathYear; canadaLifePlus70Safe; reviewedByOwner,Fill verified deathYear/sourceNotes and set reviewedByOwner true.,false,,,,,
louisa-may-alcott,Louisa May Alcott,author,jack-and-jill (author); little-women (author),needs owner review,deathYear; canadaLifePlus70Safe; reviewedByOwner,Fill verified deathYear/sourceNotes and set reviewedByOwner true.,false,,,,,
these-words,"these words,",translator,the-count-of-monte-cristo (translator); the-count-of-monte-cristo-gutenberg-1184 (translator),needs owner review,deathYear; canadaLifePlus70Safe; reviewedByOwner,Fill verified deathYear/sourceNotes and set reviewedByOwner true.,false,,,,,
a,a,introduction_author,the-federalist-papers (introduction_author),needs owner review,deathYear; canadaLifePlus70Safe; reviewedByOwner,Fill verified deathYear/sourceNotes and set reviewedByOwner true.,false,,,,,
alexander-hamilton-john-jay-james-madison,Alexander Hamilton John Jay James Madison,author,the-federalist-papers (author),needs owner review,deathYear; canadaLifePlus70Safe; reviewedByOwner,Fill verified deathYear/sourceNotes and set reviewedByOwner true.,false,,,,,
bram-stoker,Bram Stoker,author,dracula (author),needs owner review,deathYear; canadaLifePlus70Safe; reviewedByOwner,Fill verified deathYear/sourceNotes and set reviewedByOwner true.,false,,,,,
charles-dickens,Charles Dickens,author,a-christmas-carol (author),needs owner review,deathYear; canadaLifePlus70Safe; reviewedByOwner,Fill verified deathYear/sourceNotes and set reviewedByOwner true.,false,,,,,
charles-kingsley,Charles Kingsley,author,the-water-babies (author),needs owner review,deathYear; canadaLifePlus70Safe; reviewedByOwner,Fill verified deathYear/sourceNotes and set reviewedByOwner true.,false,,,,,
charlotte-bronte,Charlotte Brontë,author,jane-eyre (author),needs owner review,deathYear; canadaLifePlus70Safe; reviewedByOwner,Fill verified deathYear/sourceNotes and set reviewedByOwner true.,false,,,,,
dante-alighieri,Dante Alighieri,author,the-divine-comedy (author),needs owner review,deathYear; canadaLifePlus70Safe; reviewedByOwner,Fill verified deathYear/sourceNotes and set reviewedByOwner true.,false,,,,,
ednah-d,Ednah D,editor,little-women (editor),needs owner review,deathYear; canadaLifePlus70Safe; reviewedByOwner,Fill verified deathYear/sourceNotes and set reviewedByOwner true.,false,,,,,
elisabeth-p-stork,Elisabeth P. Stork,translator,heidi (translator),needs owner review,deathYear; canadaLifePlus70Safe; reviewedByOwner,Fill verified deathYear/sourceNotes and set reviewedByOwner true.,false,,,,,
f-h-townsend,F. H. Townsend,illustrator,jane-eyre (illustrator),needs owner review,deathYear; canadaLifePlus70Safe; reviewedByOwner,Fill verified deathYear/sourceNotes and set reviewedByOwner true.,false,,,,,
f-scott-fitzgerald,F. Scott Fitzgerald,author,the-great-gatsby (author),needs owner review,deathYear; canadaLifePlus70Safe; reviewedByOwner,Fill verified deathYear/sourceNotes and set reviewedByOwner true.,false,,,,,
frances-jenkins-olcott,Frances Jenkins Olcott,editor,grimm-s-fairy-tales (editor),needs owner review,deathYear; canadaLifePlus70Safe; reviewedByOwner,Fill verified deathYear/sourceNotes and set reviewedByOwner true.,false,,,,,
frank-t-merrill,Frank T. Merrill,illustrator,little-women (illustrator),needs owner review,deathYear; canadaLifePlus70Safe; reviewedByOwner,Fill verified deathYear/sourceNotes and set reviewedByOwner true.,false,,,,,
fyodor-dostoyevsky,Fyodor Dostoyevsky,author,crime-and-punishment (author),needs owner review,deathYear; canadaLifePlus70Safe; reviewedByOwner,Fill verified deathYear/sourceNotes and set reviewedByOwner true.,false,,,,,
george-m-towle,George M. Towle,translator,around-the-world-in-eighty-days (translator),needs owner review,deathYear; canadaLifePlus70Safe; reviewedByOwner,Fill verified deathYear/sourceNotes and set reviewedByOwner true.,false,,,,,
george-macdonald,George MacDonald,author,the-princess-and-the-goblin (author),needs owner review,deathYear; canadaLifePlus70Safe; reviewedByOwner,Fill verified deathYear/sourceNotes and set reviewedByOwner true.,false,,,,,
graf-leo-tolstoy,graf Leo Tolstoy,author,anna-karenina (author),needs owner review,deathYear; canadaLifePlus70Safe; reviewedByOwner,Fill verified deathYear/sourceNotes and set reviewedByOwner true.,false,,,,,
gustave-dore,Gustave Doré,illustrator,the-divine-comedy (illustrator),needs owner review,deathYear; canadaLifePlus70Safe; reviewedByOwner,Fill verified deathYear/sourceNotes and set reviewedByOwner true.,false,,,,,
henry-francis-cary,Henry Francis Cary,translator,the-divine-comedy (translator),needs owner review,deathYear; canadaLifePlus70Safe; reviewedByOwner,Fill verified deathYear/sourceNotes and set reviewedByOwner true.,false,,,,,
herbert-granville-fell,Herbert Granville Fell,illustrator,the-book-of-dragons (illustrator),needs owner review,deathYear; canadaLifePlus70Safe; reviewedByOwner,Fill verified deathYear/sourceNotes and set reviewedByOwner true.,false,,,,,
isabel-florence-hapgood,Isabel Florence Hapgood,translator,les-miserables (translator),needs owner review,deathYear; canadaLifePlus70Safe; reviewedByOwner,Fill verified deathYear/sourceNotes and set reviewedByOwner true.,false,,,,,
j-m-barrie,J. M. Barrie,author,peter-pan (author),needs owner review,deathYear; canadaLifePlus70Safe; reviewedByOwner,Fill verified deathYear/sourceNotes and set reviewedByOwner true.,false,,,,,
jacob-grimm-wilhelm-grimm,Jacob Grimm Wilhelm Grimm,author,grimm-s-fairy-tales (author),needs owner review,deathYear; canadaLifePlus70Safe; reviewedByOwner,Fill verified deathYear/sourceNotes and set reviewedByOwner true.,false,,,,,
jessie-willcox-smith,Jessie Willcox Smith,illustrator,a-childs-garden-of-verses (illustrator),needs owner review,deathYear; canadaLifePlus70Safe; reviewedByOwner,Fill verified deathYear/sourceNotes and set reviewedByOwner true.,false,,,,,
joel-chandler-harris,Joel Chandler Harris,author,nights-with-uncle-remus (author),needs owner review,deathYear; canadaLifePlus70Safe; reviewedByOwner,Fill verified deathYear/sourceNotes and set reviewedByOwner true.,false,,,,,
johanna-spyri,Johanna Spyri,author,heidi (author),needs owner review,deathYear; canadaLifePlus70Safe; reviewedByOwner,Fill verified deathYear/sourceNotes and set reviewedByOwner true.,false,,,,,
john-buchan,John Buchan,author,the-thirty-nine-steps (author),needs owner review,deathYear; canadaLifePlus70Safe; reviewedByOwner,Fill verified deathYear/sourceNotes and set reviewedByOwner true.,false,,,,,
john-leech,John Leech,illustrator,a-christmas-carol (illustrator),needs owner review,deathYear; canadaLifePlus70Safe; reviewedByOwner,Fill verified deathYear/sourceNotes and set reviewedByOwner true.,false,,,,,
john-ormsby,John Ormsby,translator,don-quixote (translator),needs owner review,deathYear; canadaLifePlus70Safe; reviewedByOwner,Fill verified deathYear/sourceNotes and set reviewedByOwner true.,false,,,,,
john-r-neill,John R. Neill,illustrator,rinkitink-in-oz (illustrator),needs owner review,deathYear; canadaLifePlus70Safe; reviewedByOwner,Fill verified deathYear/sourceNotes and set reviewedByOwner true.,false,,,,,
jonathan-swift,Jonathan Swift,author,gulliver-s-travels (author),needs owner review,deathYear; canadaLifePlus70Safe; reviewedByOwner,Fill verified deathYear/sourceNotes and set reviewedByOwner true.,false,,,,,
jules-verne,Jules Verne,author,around-the-world-in-eighty-days (author),needs owner review,deathYear; canadaLifePlus70Safe; reviewedByOwner,Fill verified deathYear/sourceNotes and set reviewedByOwner true.,false,,,,,
kate-douglas-smith-wiggin,Kate Douglas Smith Wiggin,editor,the-arabian-nights (editor),needs owner review,deathYear; canadaLifePlus70Safe; reviewedByOwner,Fill verified deathYear/sourceNotes and set reviewedByOwner true.,false,,,,,
kate-douglas-wiggin,KATE DOUGLAS WIGGIN,editor,a-childs-garden-of-verses (editor),needs owner review,deathYear; canadaLifePlus70Safe; reviewedByOwner,Fill verified deathYear/sourceNotes and set reviewedByOwner true.,false,,,,,
kenneth-grahame,Kenneth Grahame,author,wind-in-the-willows (author),needs owner review,deathYear; canadaLifePlus70Safe; reviewedByOwner,Fill verified deathYear/sourceNotes and set reviewedByOwner true.,false,,,,,
louis-rhead,Louis Rhead,illustrator,treasure-island (illustrator),needs owner review,deathYear; canadaLifePlus70Safe; reviewedByOwner,Fill verified deathYear/sourceNotes and set reviewedByOwner true.,false,,,,,
margaret-hunt-introduction-by-andrew-lang-bohn-library,"Margaret Hunt, introduction by Andrew Lang, Bohn Library",translator,grimm-s-fairy-tales (translator),needs owner review,deathYear; canadaLifePlus70Safe; reviewedByOwner,Fill verified deathYear/sourceNotes and set reviewedByOwner true.,false,,,,,
margaret-sidney,Margaret Sidney,author,five-little-peppers-and-how-they-grew (author),needs owner review,deathYear; canadaLifePlus70Safe; reviewedByOwner,Fill verified deathYear/sourceNotes and set reviewedByOwner true.,false,,,,,
maria-louise-kirk,Maria Louise Kirk,illustrator,heidi (illustrator),needs owner review,deathYear; canadaLifePlus70Safe; reviewedByOwner,Fill verified deathYear/sourceNotes and set reviewedByOwner true.,false,,,,,
mary-wollstonecraft-shelley,Mary Wollstonecraft Shelley,author,frankenstein (author),needs owner review,deathYear; canadaLifePlus70Safe; reviewedByOwner,Fill verified deathYear/sourceNotes and set reviewedByOwner true.,false,,,,,
maxfield-parrish,Maxfield Parrish,illustrator,the-arabian-nights (illustrator),needs owner review,deathYear; canadaLifePlus70Safe; reviewedByOwner,Fill verified deathYear/sourceNotes and set reviewedByOwner true.,false,,,,,
miguel-de-cervantes-saavedra,Miguel de Cervantes Saavedra,author,don-quixote (author),needs owner review,deathYear; canadaLifePlus70Safe; reviewedByOwner,Fill verified deathYear/sourceNotes and set reviewedByOwner true.,false,,,,,
milo-winter,Milo Winter,illustrator,nights-with-uncle-remus (illustrator),needs owner review,deathYear; canadaLifePlus70Safe; reviewedByOwner,Fill verified deathYear/sourceNotes and set reviewedByOwner true.,false,,,,,
oscar-wilde,Oscar Wilde,author,the-picture-of-dorian-gray (author),needs owner review,deathYear; canadaLifePlus70Safe; reviewedByOwner,Fill verified deathYear/sourceNotes and set reviewedByOwner true.,false,,,,,
philip-littell,PHILIP LITTELL,introduction_author,candide (introduction_author),needs owner review,deathYear; canadaLifePlus70Safe; reviewedByOwner,Fill verified deathYear/sourceNotes and set reviewedByOwner true.,false,,,,,
rie-cramer,Rie Cramer,illustrator,grimm-s-fairy-tales (illustrator),needs owner review,deathYear; canadaLifePlus70Safe; reviewedByOwner,Fill verified deathYear/sourceNotes and set reviewedByOwner true.,false,,,,,
rudyard-kipling,Rudyard Kipling,author,the-jungle-book (author),needs owner review,deathYear; canadaLifePlus70Safe; reviewedByOwner,Fill verified deathYear/sourceNotes and set reviewedByOwner true.,false,,,,,
soseki-natsume,Soseki Natsume,author,botchan (author),needs owner review,deathYear; canadaLifePlus70Safe; reviewedByOwner,Fill verified deathYear/sourceNotes and set reviewedByOwner true.,false,,,,,
the-folk-lorist-andrew-lang,"the folk-lorist, Andrew Lang",introduction_author,grimm-s-fairy-tales (introduction_author),needs owner review,deathYear; canadaLifePlus70Safe; reviewedByOwner,Fill verified deathYear/sourceNotes and set reviewedByOwner true.,false,,,,,
the-king-he-took-cervantes-with-him-as-his-camarero,"the King, he took Cervantes with him as his camarero",editor,don-quixote (editor),needs owner review,deathYear; canadaLifePlus70Safe; reviewedByOwner,Fill verified deathYear/sourceNotes and set reviewedByOwner true.,false,,,,,
victor-hugo,Victor Hugo,author,les-miserables (author),needs owner review,deathYear; canadaLifePlus70Safe; reviewedByOwner,Fill verified deathYear/sourceNotes and set reviewedByOwner true.,false,,,,,
voltaire,Voltaire,author,candide (author),needs owner review,deathYear; canadaLifePlus70Safe; reviewedByOwner,Fill verified deathYear/sourceNotes and set reviewedByOwner true.,false,,,,,
warwick-goble,Warwick Goble,illustrator,the-water-babies (illustrator),needs owner review,deathYear; canadaLifePlus70Safe; reviewedByOwner,Fill verified deathYear/sourceNotes and set reviewedByOwner true.,false,,,,,
washington-irving,Washington Irving,author,the-legend-of-sleepy-hollow (author),needs owner review,deathYear; canadaLifePlus70Safe; reviewedByOwner,Fill verified deathYear/sourceNotes and set reviewedByOwner true.,false,,,,,
william-j-long,William J. Long,author,wood-folk-at-school (author),needs owner review,deathYear; canadaLifePlus70Safe; reviewedByOwner,Fill verified deathYear/sourceNotes and set reviewedByOwner true.,false,,,,,
william-strunk,William Strunk,author,the-elements-of-style (author),needs owner review,deathYear; canadaLifePlus70Safe; reviewedByOwner,Fill verified deathYear/sourceNotes and set reviewedByOwner true.,false,,,,,
yasotaro-mori,Yasotaro Mori,translator,botchan (translator),needs owner review,deathYear; canadaLifePlus70Safe; reviewedByOwner,Fill verified deathYear/sourceNotes and set reviewedByOwner true.,false,,,,,
anna-sewell,Anna Sewell,author,black-beauty (author),needs owner review,reviewedByOwner,Fill verified deathYear/sourceNotes and set reviewedByOwner true.,false,,,,,
h-p-lovecraft,H. P. Lovecraft,author,the-call-of-cthulhu (author),approved metadata found,reviewedByOwner,Fill verified deathYear/sourceNotes and set reviewedByOwner true.,false,,,,,
hugh-lofting,Hugh Lofting,author,doctor-dolittle (author),needs owner review,reviewedByOwner,Fill verified deathYear/sourceNotes and set reviewedByOwner true.,false,,,,,
